Genre;Title;Chords;Lyrics
Pop; Set Fire to the Rain; i v bVII IV; "I let it fall, my heart And as it fell, you rose to claim it It was dark and I was over Until you kissed my lips and you saved me My hands, they were strong But my knees were far too weak To stand in your arms Without falling to your feet When laying with you I could stay there Close my eyes, feel you here forever You and me together, nothing is better"
Pop; Set Fire to the Rain; iv iv i i bVI bVII; "But there's a side to you That I never knew, never knew All the things you'd say They were never true, never true And the games you'd play You would always win, always win"
Pop; Set Fire to the Rain; i i bVII bVII iv iv i bVII; "But I set fire to the rain Watched it pour as I touched your face Well, it burned while I cried 'Cause I heard it screaming out your name Your name. I set fire to the rain And I threw us into the flames When we fell, something died 'Cause I knew that that was the last time The last time, oh"
Pop; Someone Like You; I iii vi IV; "Nothing compares, no worries or cares Regrets and mistakes, they're memories made Who would have known how bittersweet this would taste? You know how the time flies Only yesterday was the time of our lives We were born and raised in a summer haze Bound by the surprise of our glory days I heard that you're settled down That you found a girl and you're married now I heard that your dreams came true Guess she gave you things I didn't give to you Old friend, why are you so shy? Ain't like you to hold back or hide from the light"
Pop; Someone Like You; V vi IV IV; "I hate to turn up out of the blue, uninvited But I couldn't stay away, I couldn't fight it I had hoped you'd see my face And that you'd be reminded that for me, it isn't over"
Pop; Someone Like You; I V iv IV; "Never mind, I'll find someone like you I wish nothing but the best for you, too Don't forget me, I beg I'll remember, you said Sometimes it lasts in love, but sometimes it hurts instead Sometimes it lasts in love, but sometimes it hurts instead"
Pop; Say Something; i VI bIII bVII; "Say something, I'm giving up on you I'll be the one, if you want me to Anywhere, I would've followed you Say something, I'm giving up on you"
Pop; Say Something; I I I6 I6 IV IV I V; "And I will swallow my pride You're the one that I love And I'm saying goodbye And I am feeling so small It was over my head I know nothing at all And I will stumble and fall I'm still learning to love Just starting to crawl"
Pop; Double Vision; I I I I; "Lets do this outside Shut down the whole block Watch the girls strut by like it's a catwalk We're livin' easy We've got the whole day (whole day) And we can go hard no matter what the cops say. The sun is so hot The drinks are so cold Your clothes just fall off, as the day goes We're gonna stay up, ain't gonna lay low We're gonna dance all night because we say so"
Pop; Double Vision; IV V iv V; "I'm thinking maybe I can't have relationships 'Cause lately they're not making any sense And baby you're the one thing on my mind that can change anytime"
Pop; Double Vision; IV III vi V; "'Cause there's so many fine women That my head is spinning And I've lost all feeling Everybody's singing like Hey na na na hey hey na na na na Hey na na na hey hey na na na na"
Pop; Amnesia; I IV I IV ii IV I IV;  "The pictures that you sent me They're still living in my phone I'll admit I like to see them, I'll admit I feel alone And all my friends keep asking why I'm not around It hurts to know you're happy Yeah, it hurts that you moved on It's hard to hear your name When I haven't seen you in so long It's like we never happened, was it just a lie? If what we had was real, how could you be fine? 'Cause I'm not fine at all. I drove by all the places we used to hang out getting wasted I thought about our last kiss How it felt, the way you tasted And even though your friends tell me you're doing fine Are you somewhere feeling lonely Even though he's right beside you? When he says those words that hurt you Do you read the ones I wrote you? Sometimes I start to wonder, was it just a lie? If what we had was real, how could you be fine? 'Cause I'm not fine at all"
Pop; Amnesia; I V vi IV; "I remember the day you told me you were leaving I remember the make-up running down your face And the dreams you left behind, you didn't need them Like every single wish we ever made I wish that I could wake up with amnesia And forget about the stupid little things Like the way it felt to fall asleep next to you And the memories I never can escape."
Pop; Lay All Your Love On Me; i i V V i ii07 i6 IV; "I feel a kind of fear When I don't have you near Unsatisfied, I skip my pride I beg you dear"
Pop; Lay All Your Love On Me; V i bVI V; "It was like shooting a sitting duck A little small talk, a smile and baby I was stuck I still don't know what you've done with me A grown-up woman should never fall so easily, Don't go wasting your emotion Lay all your love on me"
Pop; Lay All Your Love On Me; i i i i bVII bVII; "I wasn't jealous before we met Now, every woman I see is a potential threat And I'm possessive, it isn't nice You've heard me saying that smoking was my only vice But now it isn't true Now everything is new And all I've learned has overturned I beg of you"
Pop; Take on Me; ii7 V7 I IV7 iii7; "All the things that you say, yeah Is it life or just to play my worries away? You're all the things I've got to remember You're shying away I'll be coming for you anyway, So needless to say I'm odds and ends But I'll be stumbling away Slowly learning that life is okay Say after me It's no better to be safe than sorry, We're talking away I don't know what I'm to say I'll say it anyway Today is another day to find you Shying away I'll be coming for your love, okay?"
Pop; Take on Me; I iii7 vi7 IV; "Take on me (take on me) Take me on (take on me) I'll be gone In a day or two, Take on me (take on me) Take me on (take on me) I'll be gone In a day or two"
Pop; Gimme A Man After Midnight; IV IV IV i bVI bVI ii07 V; "Movie stars) find the end of the rainbow With a fortune to win It's so different from the world I'm living in (Tired of TV) I open the window And I gaze into the night But there's nothing there to see, no one in sight There's not a soul out there No one to hear my prayer, (Half past 12) and I'm watching the late show In my flat all alone How I hate to spend the evening on my own (Autumn winds) blowing outside the window As I look around the room And it makes me so depressed to see the gloom There's not a soul out there No one to hear my prayer"
Pop; Gimme A Man After Midnight; i iv bVII i i bVII i i; "Gimme, gimme, gimme a man after midnight Won't somebody help me chase the shadows away? Gimme, gimme, gimme a man after midnight Take me through the darkness to the break of the day"
Pop; When We Were Young; vi I IV I ii7 ii7 I I; "I was so scared to face my fears Nobody told me that you'd be here And I'd swear you moved overseas That's what you said, when you left me Everybody loves the things you do From the way you talk To the way you move Everybody here is watching you 'Cause you feel like home You're like a dream come true"
Pop; When We Were Young; IV V ii IV; "You look like a movie You sound like a song My God this reminds me, of when we were young"
Pop; When We Were Young; I I6 IV V; "Let me photograph you in this light In case it is the last time That we might be exactly like we were Before we realized We were scared of getting old It made us restless It was just like a movie It was just like a song"
Pop; The Sun Always Shines On TV; iii iii vi7 IV I I V V; "Touch me, how can it be? Believe me, the sun always shines on TV Hold me close to your heart Touch me and give all your love to me, to me."
Pop; The Sun Always Shines On TV; i bVI iv bVII BIII i iv bVI; "I reached inside myself and found Nothing there to ease The pressure of my ever worrying mind Oh, oh-oh-oh All my powers waste away I fear the crazed and lonely Looks the mirror's sending me these days Oh, oh-oh-oh"
Rock; Whataya Want from Me; i bVII bVI bVI; "Hey, slow it down Whataya want from me? Whataya want from me? Yeah, I'm afraid Whataya want from me? Whataya want from me?"
Rock; Whataya Want from Me; IV V vi I; "Just don't give up, I am working it out Please don't give in, I won't let you down It messed me up, need a second to breathe Just keep comin' around"
Rock; Cryin'; I V vi iii IV I V V; "It's down on me Yeah, I got to tell you one thing It's been on my mind Girl I gotta say We're partners in crime You got that certain something What you give to me Takes my breath away. There was a time When I was so broken-hearted Love wasn't much of a friend of mine The tables have turned, yeah 'Cause me and them ways have parted That kind of love was the killin' kind"
Rock; Cryin'; IV I IV I bVII IV V V; "Now there's not even breathin' room Between pleasure and pain Yeah, you cry when we're makin' love Must be one and the same, Now listen All I want is someone I can't resist I know all I need to know by the way that I got kissed"
Rock; Cryin'; I V iii IV I V IV IV; "I was cryin' when I met you Now I'm tryin' to forget you Love is sweet misery I was cryin' just to get you Now I'm dyin' 'cause I let you Do what you do, down on me, yeah"
Rock; I Don't Want To Miss A Thing; I V6 vi7 vi7 IV I6 ii7 ii7 iii7 IV7 V V I I; "Lying close to you feeling your heart beating And I'm wondering what you're dreaming Wondering if it's me you're seeing Then I kiss your eyes and thank God we're together I just wanna stay with you in this moment forever, forever and ever. I could stay awake just to hear you breathing Watch you smile while you are sleeping While you're far away and dreaming I could spend my life in this sweet surrender I could stay lost in this moment forever Where every moment spent with you is a moment I treasure"
Rock; I Don't Want To Miss A Thing; I V ii7 ii7 IV V; "Don't wanna close my eyes, I don't wanna fall asleep 'Cause I'd miss you baby and I don't wanna miss a thing 'Cause even when I dream of you the sweetest dream would never do I'd still miss you baby and I don't want to miss a thing"
Rock; Mardy Bum; I I III III IV iii ii V; "Well, now then, mardy bum Oh I'm in trouble again, aren't I? I thought as much 'Cause you turned over there And pulling that silent disappointment face The one that I can't bear .Well, now then, mardy bum I've seen your frown And it's like looking down the barrel of a gun And it goes off And out come all these words Oh, there's a very pleasant side to you A side I much prefer."
Rock; Mardy Bum; IV IV V V I V iv iv; "Well can't we just laugh and joke around? Remember cuddles in the kitchen Yeah, to get things off the ground And it was up, up and away Oh, but it's right hard to remember that On a day like today when you're all argumentative And you've got the face on. It's one that laughs and jokes around Remember cuddles in the kitchen Yeah, to get things off the ground And it was up, up and away Oh, but it's right hard to remember that On a day like today when you're all argumentative And you've got the face onIt's one that laughs and jokes around Remember cuddles in the kitchen Yeah, to get things off the ground And it was up, up and away Oh, but it's right hard to remember that On a day like today when you're all argumentative And you've got the face on"
Rock; Mardy Bum; III IV; "And yeah, I'm sorry I was late But I missed the train And then the traffic was a state And I can't be arsed to carry on in this debate That reoccurs oh when you say I don't care But of course I do, yeah, I clearly do."
Rock; Crazy; I vi IV iv I iv IV V; "Come 'ere, baby You know you drive me up a wall The way you make good for all the nasty tricks you pull Seems like we're makin' up more than we're makin' love And it always seems you got someone on your mind other than me Girl, you got to change your crazy ways You hear me? I go crazy, crazy Baby, I go crazy You turn it on, then you're gone Yeah, you drive me Crazy, crazy Crazy for you, baby What can I do, honey? I feel like the color blue"
Rock; Crazy; I IV vi IV; "Say you're leavin' on the seven-thirty train And that you're headin' out to Hollywood Girl, you been givin' me the line so many times It kinda gets like feelin' bad looks good, yeah"
Rock; Crazy; V vi bVII IV; "That kinda lovin' Turns a man to a slave That kinda lovin' Sends a man right to his grave"
Rock; Highway to Hell; I IV6 IV6 I; "No stop signs Speed limit Nobody's gonna slow me down Like a wheel Gonna spin it Nobody's gonna mess me around Hey Satan Payin' my dues Playin' in a rocking band Hey momma Look at me I'm on my way to the Promised Land, ow.  Livin' easy Lovin' free Season ticket on a one-way ride Askin' nothin' Leave me be Takin' everything in my stride Don't need reason Don't need rhyme Ain't nothin' I'd rather do Goin' down Party time My friends are gonna be there too, yeahLivin' easy Lovin' free Season ticket on a one-way ride Askin' nothin' Leave me be Takin' everything in my stride Don't need reason Don't need rhyme Ain't nothin' I'd rather do Goin' down Party time My friends are gonna be there too, yeah"
Rock; Highway to Hell; I IV I IV; "I'm on the highway to hell On the highway to hell Highway to hell I'm on the highway to hell"
Rock; Man in The Box; bIII i7 i7; "I'm the man in the box Buried in my shit Won't you come and save me? Save meI'm the man in the box Buried in my shit Won't you come and save me? Save me"
Rock; Man in The Box; i bIII bVII IV; "Feed my eyes (Can you sew them shut?) Jesus Christ (Deny your maker) He who tries (Will be wasted) Oh, feed my eyes (Now you've sewn them) shut"
Rock; Amber; I vi iii iii; "You live too far away Your voice rings like a bell anyway Don't give up your independence Unless it feels so right Nothing good comes easily Sometimes you've got to fight. Brainstorm, take me away from the norm I've got to tell you something This phenomenon, I had to put it in a song And it goes like. You wanna know what brings me here, oh You glide through my head, blind to fear And I know why"
Rock; Amber; I iv iii iii; "Whoa Amber is the color of your energy Whoa Shades of gold displayed naturally Whoa Amber is the color of your energy Whoa Shades of gold displayed naturally"
Rock; Back in Black; i bVII IV IV; "Back in the back of a Cadillac Number one with a bullet, I'm a power pack Yes, I'm in a bang with a gang They've got to catch me if they want me to hang 'Cause I'm back on the track and I'm beatin' the flack Nobody's gonna get me on another rap So look at me now, I'm just making my play Don't try to push your luck, just get out of my way. Back in black, I hit the sack I've been too long, I'm glad to be back Yes, I'm let loose from the noose That's kept me hanging about I'm just looking at the sky 'cause it's getting me high Forget the hearse, 'cause I'll never die I got nine lives, cat's eyes Abusing every one of them and running wild"
Rock; Back in Black; IV V IV V bIII bIII IV IV; "'Cause I'm back, yes I'm back Well, I'm back, yes I'm back Well, I'm back, back Well, I'm back in black Yes, I'm back in black, oh"
Rock; Miss Murder; i i bVII V; "With just a look, they shook And heavens bowed before him Simply a look can break your heart The stars that pierce the sky He left them all behind We're left to wonder why He left us all behind. Dreams of his crash won't pass Oh, how they all adored him Beauty will last when spiraled down The stars that mystified He left them all behind And how his children cried He left us all behind. What's the hook, the twist within this verbose mystery? I would gladly bet my life upon it That the ghost you love, your ray of light Will fizzle out without hope We're the empty set just floating through Wrapped in skin Ever searching for what we were promised Reaching for that golden ring, we'd never let go Who would ever let us put our filthy hands upon it?"
Rock; Miss Murder; i iv bIII bVII; "Hey, Miss Murder, can I? (Hey!) Hey, Miss Murder, can I? (Hey!) Make beauty stay if I take my life? (Hey!) Woah-oh Hey, Miss Murder, can I? (Hey!) Hey, Miss Murder, can I? (Hey!) Make beauty stay if I take my life? (Hey!) Woah-oh"
Rock; Dream On; i v #iv07 v; "Half my life's in books' written pages Lived and learned from fools and from sages You know it's true All the things come back to you. Every time that I look in the mirror All these lines on my face getting clearer The past is gone It went by like dusk to dawn Isn't that the way? Everybody's got their dues in life to pay, yeah."
Rock; Dream On; i bVII bVI bVII; "I know nobody knows Where it comes and where it goes I know it's everybody's sin You got to lose to know how to win"
Rock; Dream On; i bVII bVI bVII i bVII bVI V; "Sing with me, sing for the year Sing for the laughter and sing for the tear Sing with me if it's just for today Maybe tomorrow the good Lord will take you away Yeah, sing with me, sing for the year Sing for the laughter and sing for the tear Sing with me if it's just for today Maybe tomorrow the good Lord will take you away. Dream on, dream on, dream on Dream until your dreams come true Dream on, dream on, dream on Dream until your dreams come true Dream on, dream on, dream on Dream on, dream on, dream on Dream on, ah"
Country; All American Girl; IV I ii I IV I ii V; "Now he's wrapped around her finger She's the center of his whole world And his heart belongs to that sweet little Beautiful, wonderful, perfect All-American girl"
Country; All American Girl; I I IV IV iii iii ii V; "Since the day they got married He'd been praying for a little baby boy Someone he could take fishing Throw the football and be his pride and joy He could already see him holding that trophy Taking his team to state But when the nurse came in with a little pink blanket All those big dreams changed. 16 short years later She was falling for the senior football star Before you knew it, he was dropping passes Skipping practice just to spend more time with her The coach said, 'Hey, son, what's your problem? Tell me, have you lost your mind?' And daddy said, You'll lose your free ride to college Boy, you better tell her goodbye"
Country; So Small; vi IV I V; "What you got if you ain't got love? The kind that you just want to give away It's okay to open up Go ahead and let the light shine through I know it's hard on a rainy day You wanna shut the world out and just be left alone But don't run out on your faith. It's so easy to get lost inside A problem that seems so big at the time It's like a river that's so wide, it swallows you whole While you're sitting around, thinking about what you can't change And worrying about all the wrong things Time's flying by Moving so fast You better make it count 'cause you can't get it back"
Country; So Small; IV iv V I IV iv V V; "'Cause sometimes that mountain you've been climbing Is just a grain of sand And what you've been out there searching for forever Is in your hands And when you figure out love is all that matters after all It sure makes everything else Seem so small."
Country; Down On The Corner; I I V I I I V I IV IV I I I I V I; "Rooster hits the washboard People just gotta smile Blinky thumps a gut bass And solos for a while Poorboy twangs the rhythm out On his kalamazoo And Willy goes into a dance Doubles on kazoo. Early in the evenin' Just about supper time Over by the courthouse They're startin' to unwind Four kids on the corner Tryin' to bring you up Willy picks a tune out And he blows it on the harp. You don't need a penny Just to hang around But if you've got a nickel Won't you lay your money down? Over on the corner There's a happy noise People come from all around To watch the magic boy."
Country; Down On The Corner; IV I V I IV I V I; "Down on the corner Out in the street Willy and the poorboys are playin' Bring a nickel, tap your feet"
Country; Something In The Water; I I IV I vi V I I; "I wear a demeanor made of bright pretty things What she wears, what she wears, what she wears Birds singing on my shoulder in harmony it seems How they sing, how they sing, how they sing. I've got halos made of summer, ribbons made of spring What she wears, what she wears, what she wears I've got crowns of words a–woven, each one a song to sing Oh I sing, oh I sing, oh I sing"
Country; Something In The Water; iv I V I IV I IV V; "Ah, ah, ah, ah, ah, ah There's something in the water, something in the water Ah, ah, ah, ah, ah, ah There's something in the water that makes me love you like"
Country; Something In The Water; IV IV I I IV IV I V; "Give me long days in the sun, preludes to the nights to come Previews of the mornings, laying in all lazy Give me something fun to do, like a life of loving you Kiss me quick now, baby, I'm still crazy over you. Give me nights of solitude, red wine, just a glass or two Reclined in a hammock on a balmy evening I'll pretend that it's no thing that skip in my heart when I think Of you thinking of me, babe, I'm crazy over you"
Country; The Chain; i i V V bVII bVI i i; "Listen to the wind blow Down comes the night Run in the shadows Damn your love, damn your lies Break the silence Damn the dark, damn the light. Listen to the wind blow Watch the sun rise Run in the shadows Damn your love, damn your lies"
Country; The Chain; iv iv iv iv i bVI bVII bVII; "And if you don't love me now You will never love me again I can still hear you saying We would never break the chain (never break the chain) And if you don't love me now (you don't love me now) You will never love me again I can still hear you saying We would never break the chain (never break the chain)"
Country; Drink in My Hand; I vi IV I I vi IV I; "Make me wanna go ouhhh ouh ouhhh, when you dance like that You got that little tattoo playing peek-a-boo on your back Yea if you want to impress me, baby here's my plan All you got to do is put a drink in my hand. No need to complicate it, I'm a simple man All you got to do is put a drink in my hand Yea the parking lot is muddy, can't get to the door I'll take my jacked up drop er' down in four by four Chill down a long neck, warm up the band All you gotta do is put a drink in my hand. Early Monday morning, 'til Friday at five Man I work, work, work but I don't climb, climb, climb Boss man can shove that overtime up his can All I wanna do is put a drink in my hand."
Country; Drink in My Hand; V V IV IV V V IV I; "To fill it up, or throw it down I got a 40 hour week worth of trouble to drown. To fill it up, or throw it down I'm about to tear a new one in this old town"
Country; I Can't Make You Love Me; IV vi vi IV IV I vi ii; "Turn down the lights, turn down the bed Turn down these voices inside my head Lay down with me, tell me no lies Just hold me close, don't patronize Don't patronize me. I'll close my eyes, then I won't see The love you don't feel when you're holdin' me Mornin' will come, and I'll do what's right Just give me 'til then to give up this fight And I will give up this fight"
Country; I Can't Make You Love Me; IV I IV IV IV I I V; "'Cause I can't make you love me if you don't You can't make your heart feel somethin' it won't Here in the dark, in these final hours I will lay down my heart and I'll feel the power But you won't, no you won't 'Cause I can't make you love me, if you don't."
Country; Goodbye Earl; I IV I V; "Mary Anne and Wanda were the best of friends All through their high school days Both members of the 4H Club Both active in the FFA After graduation Mary Anne went out lookin' for a bright new world Wanda looked all around this town and all she found was Earl"
Country; Goodbye Earl; iv V IV I; "Well, it wasn't two weeks after she got married that Wanda started gettin' abused She put on dark glasses and long sleeved blouses And make-up to cover her bruise. Right away Mary Anne flew in from Atlanta On a red eye midnight flight She held Wanda's hand and they worked out a plan And it didn't take them long to decide That Earl had to die"
Country; Goodbye Earl; I I IV I V V IV IV; "Goodbye, Earl Those black-eyed peas? They tasted all right to me, Earl You're feeling weak? Why don't you lay down and sleep, Earl Ain't it dark? Wrapped up in that tarp, Earl"
Country; Blown Away; i bIII bVII V; "Dry lightnin' cracks across the skies Those storm clouds gather in her eyes Her daddy was a mean old mister Mama was an angel in the ground The weatherman called for a twister She prayed, Blow it down. There's not enough rain in Oklahoma To wash the sins out of that house There's not enough wind in Oklahoma To rip the nails out of the past. She heard those sirens screamin' out Her daddy laid there, passed out on the couch She locked herself in the cellar Listened to the screamin' of the wind Some people call it taking shelter She called it, Sweet revenge"
Country; Blown Away; i bIII bVII bVII; "Shatter every window 'til it's all blown away Every brick, every board, every slammin' door blown away 'Til there's nothin' left standin', nothin' left of yesterday Every tear-soaked, whiskey memory blown away Blown away (blown away)"
Country; Smoke Rings in the Dark; I I iv iv ii IV V IV; "Well, I won't make you tell me What I've come to understand You're a certain kind of woman I'm a different kind of man I've tried to make you love me You've tried to find a spark Of the flame that burned and somehow turned to To smoke rings in the dark. The loneliness within me Takes a heavy toll 'Cause it burns as slow as whiskey Through an empty achin' soul And the night is like a dagger Long and cold and sharp As I sit here on the front steps Blowin' smoke rings in the dark. The rain falls where it wants to The wind blows where it will Everything on earth goes somewhere But I swear we're standin' still So I'm not gonna wake you I'll go easy on your heart I'll just touch your face and drift away Like smoke rings in the dark."
Country; Smoke Rings in the Dark; vi IV I V; "I know I must be going 'Cause love's already gone And all I'm taking with me Are the pieces of my heart And all I'll leave are smoke rings in the dark."
Country; Cruise; I V vi7 IV; "Baby you're a song You make me wanna roll my windows down and cruise Down a back road blowin' stop signs through the middle Every little farm town with you In this brand new Chevy with a lift kit Would look a hell lot better with you up in it So baby you're a song You make me wanna roll my windows down and cruise"
Country; Cruise; I I I I iv IV iv IV; "She was sippin' on southern and singin' Marshall Tucker We were falling in love in the sweet heart of summer She hopped right up into the cab of my truck and said Fire it up, let's go get this thing stuck. Yeah, when I first saw that bikini top on her She's poppin' right out of the South Georgia water Thought, Oh, good Lord, she had them long tanned legs Couldn't help myself so I walked up and said"
Rap; Fotget You; I II IV I; "I see you driving 'round town with the girl I love And I'm like, Forget you (ooh-ooh-ooh) I guess the change in my pocket wasn't enough I'm like, Forget you and forget her, too Said, If I was richer, I'd still be with ya Ha, now ain't that some shh-? (Ain't that some shh-?) And although there's pain in my chest I still wish you the best with a forget you (ooh-ooh-ooh) Yeah, I'm sorry, I can't afford a Ferrari But that don't mean I can't get you there I guess he's an Xbox, and I'm more Atari But the way you play your game ain't fair I pity the fool that falls in love with you (Oops, she's a gold digger) well? (Just thought you should know) Ooh, I've got some news for you Yeah, go run and tell your little boyfriend I see you driving 'round town with the girl I love And I'm like, Forget you (ooh-ooh-ooh) I guess the change in my pocket wasn't enough I'm like, Forget you and forget her, too Said, If I was richer, I'd still be with ya Ha, now ain't that some shh-? (Ain't that some shh-?) And although there's pain in my chest I still wish you the best with a forget you (ooh-ooh-ooh) Now I know, that I had to borrow Beg and steal and lie and cheat Trying to keep ya, trying to please ya 'Cause being in love with your a- ain't cheap Now, I pity the fool that falls in love with you (Oops, she's a gold digger) well? (Just thought you should know) Ooh, I've got some news for you Owh! I really hate yo a- right now I see you driving 'round town with the girl I love And I'm like, Forget you (ooh-ooh-ooh) I guess the change in my pocket wasn't enough I'm like, Forget you and forget her, too Said, If I was richer, I'd still be with ya Ha, now ain't that some shh-? (Ain't that some shh-?) And although there's pain in my chest I still wish you the best with a forget you (ooh-ooh-ooh)"
Rap; Forget You; iii7 vi7 ii7 V7; "Now baby, baby, baby Why d'you wanna, wanna hurt me so bad? (So bad) so bad (so bad, so bad) I tried to tell my momma but she told me This is one for your dad (Your dad) yes, she did (your dad, your dad) And I'm like Uh! Why? (Uh!) Why? (Uh!) Why lady?! (Oh!) I love you (Oh!) I still love you, oh"
Rap; The Call; i i V V bIII bIII iv V; "I should've said, No, someone's waiting for me But I called my girl up, and said Listen, baby, I'm sorry, just want to tell you, don't worry I will be late, don't stay up and wait for me Say again? You're dropping out, my battery is low Just so you know, we're going to a place nearby, gotta go"
Rap; The Call; i i bVII bVII bVI bVI V V; "Hello? Hi, it's me, what's up, baby? I'm sorry, listen, I'm gonna be late tonight So, don't stay up and wait for me, okay? Where are you? Wait, wait, say that again? Hello? You're really dropping out, I think my battery must be low Listen, if you can hear me, we're going to a place nearby, alright? Gotta go. Let me tell you the story 'Bout the call that changed my destiny Me and my boys went out Just to end up in misery Was about to go home When there she was standing in front of me And said, Hi, I got a little place nearby, wanna go?"
Rap; We've Got It Goin' On; I iv I iv; "Everybody groove to the music Everybody jam We've been waiting so long Just can't hold it back no more Creepin' up and down now It's time for me to let it go If you really wanna see What we can do for you ah Send the crazy wildin' static Sing it. Well I'm creepin' up on your left Straight up funky when I get with you I get ruthless when I get wet Keep the party packed in my corner Tough like granite to keep the crowd hype Get up on this just to get right What you want is what you gonna get Backstreets got the special effects If you really wanna see What we can do for you ah Send the crazy wildin' static Sing it"
Rap; We've Got It Goin' On; i V i V; "Jam on cause Backstreets got it Come on now everybody We've got it goin' on for years Jam on cause Backstreets got it Come on now everybody We've got it goin' on for years We've got it goin' on for years We've got it goin' on for years"
Rap; Black Eyed Peas; i bIII bVI V; "Let's get it started (ha) Let's get it started (in here) Let's get it started (ha) Let's get it started (in here) Let's get it started (ha) Let's get it started (in here) Let's get it started (ha) Let's get it started (in here). Let's get it started, in here And the bass keep runnin', runnin' And runnin', runnin' And runnin', runnin' And runnin', runnin'"
Rap; Black Eyed Peas; i bIII bVI V; "In this context, there's no disrespect So, when I bust my rhyme, you break your necks We got five minutes for us to disconnect From all intellect and let the rhythm effect To lose your inhibition, follow your intuition Free your inner soul and break away from tradition 'Cause when we be out, girlies pull they weave out You wouldn't believe how we wow shit out Burn it 'til it's burned out, turn it 'til it's turned out Act up from north, west, east, south Everybody, everybody, just get into it Get stupid (come on) Get it started (come on), get it started (yeah), get it started. Lose control, of body and soul Don't move too fast, people, just take it slow Don't get ahead, just jump into it Y'all hear about it, the Peas will do it Get started, get stupid Don't worry about it, people will walk you through it Step by step, like an infant new kid Inch by inch with the new solution Transmit hits, with no delusion The feeling's irresistible and that's how we movin' Everybody, everybody, let's get into it Get stupid (come on) Get it started (come on), get it started (yeah), get it started"
Rap; I Love College; iv I IV I V vi IV I; "That party last night was awfully crazy, I wish we taped it I danced my ass off and had this one girl completely naked Drink my beer and smoke my weed But my good friends is all I need Pass out at three, wake up at ten Go out to eat, then do it again. Now if everybody would please Put their drink, as high as they can As high as they can, and repeat after me Chug! Chug! Chug! Chug! Chug! Chug! Chug! Chug! Freshmen! Freshmen! Freshmen! Freshmen! Do something crazy! Do something crazy! Do something crazy! Do something crazy! Keg-stand! Keg-stand! Keg-stand! Keg-stand! (That party last night) Man I love college, I love it (That party last night) Goodnight everybody, I gotta head back to class for a little bit"
Rap; I Love College; iv I IV I V vi IV I; "(Man, I love college) I wanna go to college for the rest of my life Sip Bankers Club, and drink Miller Lite On Thirsty Thursday and Tuesday Night Ice And I can get pizza a dollar a slice So fill up my cup, let's get fucked up I'm next on the table, who want what I am champion, at beer pong Allen Iverson, Hakeem Olajuwon Don't even bounce, not in my house Better hope you make it, otherwise, you naked Time isn't wasted, when you're getting wasted Woke up today, and all I could say is, um. I can't tell you what I learned from school But, I could tell you a story or two Um, yeah, of course, I learned some rules Like don't pass out with your shoes on And don't leave the house, 'till the booze gone And don't have sex, if she's too gone When it comes to condoms, put two on Then tomorrow night, find a new jawn Hold the beer bong, nothing wrong with some fun Even if we did get a little bit too drunk Time isn't wasted, when you're getting wasted Woke up today, and all I could say is"
Rap; Changes; ii7 vi7 V IV I V IV7 IV7; "I see no changes, all I see is racist faces Misplaced hate makes disgrace to races We under, I wonder what it takes to make this One better place, let's erase the wasted Take the evil out the people they'll be acting right 'Cause mo' black and white is smokin' cr- tonight And only time we chill is when we kill each other It takes skill to be real, time to heal each other (kill each other) And although it seems heaven sent We ain't ready, to see a black President It ain't a secret don't conceal the fact The penitentiary's packed, and it's filled with blacks But some things will never change Try to show another way but you stayin' in the dope game Now tell me, what's a mother to do? Bein' real don't appeal to the brother in you (yeah) You gotta operate the easy way (I made a G today) but you made it in a sleazy way Sellin' cr- to the kid (I gotta get paid) Well hey, well, that's the way it is. Come on, come on I see no changes, wake up in the morning and I ask myself Is life worth living, should I blast myself? I'm tired of bein' poor, and even worse, I'm black My stomach hurts, so I'm lookin' for a purse to snatch Cops give a damn about a negro Pull the trigger, kill a n-, he's a hero Give the cr- to the kids who the hell cares One less hungry mouth on the welfare First ship 'em dope and let 'em deal the brothers Give 'em guns, step back, watch 'em kill each other It's time to fight back that's what Huey said Two shots in the dark, now Huey's dead I got love for my brother, but we can never go nowhere Unless we share with each other We gotta start makin' changes Learn to see me as a brother instead of two distant strangers And that's how it's supposed to be How can the devil take a brother, if he's close to me? I'd love to go back to when we played as kids But things changed, that's the way it is"
Rap; Changes; I V IV IV; "(Come on, come on) That's just the way it is (change) Things will never be the same That's just the way it is (that's just the way it is for us) Aww, yeah (hear me) (Oh no, oh, no) (come on, come on, come on) That's just the way it is (that's just the way it is) (the way it is) (Somethings) things will never be the same (Never be the same yeah, yeah, yeah, aww yeah) That's just the way it is (the way it is) Aww, yeah (come on, come on)"
Rap; Dirt Bells; vi7 ii I vi V bVII bVII7 bVII7; "Ay yo they're sleeping on him hard, yo they're sleeping on him Used to dream about, think about the long road Back seat limos to award shows Hitting off such and such, hanging out with so and so Yeah, a taste of that glamor He won't even miss it so, it won't even matter Rather sit down and listen while Writing a letter to the fam' like I miss 'em I ain't been around Really see 'em Yeah, it's been a while Out here on this road, if they only knew That I'm out here doing it for 'em From state to state Straining these vocal chords from screaming On these mics at fans till I see hands, every night Automatic when they see me, autographs on their CD's Since 2005, on the rise, moving freely So, to the loved ones that's broken hearted Before I depart this planet gotta finish what I started"
Rap; Bonita Applebum; i bIII IV IV7 bIII bIII IV IV7; "Do I love you? Do I lust for you? Am I a sinner cuz I do the two? Could you let me know Right now, please Bonita Applebum Bonita Applebum, you gotta put me on Bonita Applebum I said you gotta put me on Bonita Applebum, you gotta put me on Bonita Applebum, I said you gotta put me on, Bonita Applebum, you gotta put me on Bonita applebum, I said you gotta put me on, Bonita Applebum you gotta put me on Bonita, Bonita, Bonita Hey Bonita, glad to meet ya For the kind of stunning newness, I must beseech ya Hey, being with you is a top priority Ain't no need to question the authority Chairman of the board, the chief of affections You got mine's to swing in your direction Hey, you're like a hip hop song, you know? Bonita Applebum, you gotta put me on Bonita Applebum, you gotta put me on Bonita Applebum I said you gotta put me on Bonita Applebum, you gotta put me on Bonita Applebum, I said you gotta put me on Bonita Applebum, you gotta put me on Bonita, Bonita, Bonita 38-24-37 (uh, uh, uh!) You and me, hun, we're a match made in heaven I like to kiss ya where some brothers won't I like to tell ya things some brothers don't If only you could see through your elaborate eyes Only you and me, hun, the love never dies Satisfaction, I have the right tactics And if you need 'em, I got crazy prophylactics So far, I hope you like rap songs Bonita Applebum, you gotta put me on Bonita Applebum, you gotta put me on Bonita Applebum I said you gotta put me on Bonita Applebum, you gotta put me on Bonita Applebum, I said you gotta put me on Bonita Applebum, you gotta put me on Bonita, Bonita, Bonita Ayo Who's having a ball? And you know, they ask me to get on the mic And they ask me Can I kick it? Word (Yes you can!) Can I kick it?"
Rap; Don't Get Deleted; i7 bIII7 iv7 bIII7; "You keep jumpin' 'round, in my face you know Like pushing me, it's difficult Yet you hang around, you see every show But you just make me weak, I'm about to explode You would be surprised at this little soul Packed with a thousand apes, it's quick to go Fight one little monkey critical Put you out of the rest of the shit to go. You tried my patience Cause I'm so nice You think it's safe, yeah My adrenaline is racing You may not see it in my face, but Don't mess with me, I'm not in the mood, dude Don't mess with me, I'm not in the mood, dude I ain't got an attitude, dude I'm just not in the mood, dude I didn't do nothing to you, dude I don't deserve it, don't need it Don't get deleted Bitch, don't get deleted Yeah, don't get deleted"
Rap; Electric Relaxation; bVI v7 I IV bIII bII; "Relax yourself girl, please settle down Relax yourself girl, please settle down Honey, check it out, you got me mesmerized With your black hair and your fat-ass thighs Street poetry is my every day But yo, I gotta stop when you trot my way If I was working at the club, you would not pay Aiyyo, my man Phife Diggy, he got something to say I like 'em brown, yellow, Puerto Rican or Haitian Name is Phife Dawg from the Zulu Nation Told you in the jam that we can get down Now let's knock the boots like the group H-Town You got BBD all on your bedroom wall But I'm above the rim and this is how I ball A gritty little something on the New York street This is how I represent over this here beat Talking 'bout you Yo, I took you out But sex was on my mind for the whole damn route My mind was in a frenzy and a horny state But I couldn't drop dimes 'cause you couldn't relate Relax yourself girl, please settle down (you can't relate) Relax yourself girl, please settle down (you couldn't relate) Relax yourself girl, please settle down Relax yourself girl, please settle down Relax yourself girl, please settle down Relax yourself girl, please settle down Stretch out your legs, let me make you bawl Drive you insane, drive you up the wall Staring at your dome-piece, very strong Stronger than pride, stronger than Teflon Take you on the ave and you buy me links Now I wanna pound the poontang until it stinks You can be my mama and I'll be your boy Original rude boy, never am I coy You can be a shorty in my ill convoy Not to come across as a thug or a hood But hon, you got the goods, like Madelyne Woods By the way, my name's Malik, The Five-Foot Freak Let's say we get together by the end of the week She simply said, No, labelled me a ho I said,How you figure? My friends told me so I hate when silly groupies wanna run they yap Word to God, hon, I don't get down like that I'll have you weak in the knees that you could hardly speak Or we could do like Uncle L and swing an ep in my jeep Keep it on the down, yo, we keep it discreet See, I'm not the type of kid to have my biz in the streets If my mom don't approve, then I'll just elope Let me save the little man from inside the boat Let me hit it from the back, girl I won't catch a hernia Bust off on your couch, now you got Seaman's Furniture Shaheed, Phife and the Extra P Stacy Beadle, PJ and my man L.G They know the Abstract is really soul on ice The character is of men, never ever of mice Shorty let me tell you about my only vice It has to do with lots of loving and it ain't nothing nice"
Rap; Love Sosa; i bVI i bVI; "Love Sosa, bitches love Sosa, huh? Let them know then, 'Raris and Rovers (huh) Ayy, lil' Cobra, ayy, ayy Bang, bang-bang God, y'all some broke boys, God, y'all some broke boys"
Rap; Love Sosa; i bVI i bVI; "Fuckers in school telling me, always in the barber shop Chief Keef ain't 'bout this, Chief ain't 'bout that My boy a BD on fucking Lamron and them He, he, they say that nigga don't be putting in no work Shut the fuck up, y'all niggas ain't know shit All y'all motherfuckers talkin' about Chief Keef ain't no hitter, Chief Keef ain't this, Chief Keef a fake Shut the fuck up, y'all don't live with that nigga Y'all know that nigga got caught with a ratchet Shootin' at the police and shit Nigga been on probation since fuckin' I don't know when Motherfucker, stop fuckin' playin' him like that Them niggas savages out there If I catch another motherfucker talking sweet about Chief Keef I'm fucking beatin' they ass, I'm not fucking playin' no more Know them niggas roll with Lil Reese and them"
Rap; Word Up; i i i i bVII bVII bVI bVII; "Yo pretty ladies around the world Got a weird thing to show you So tell all the boys and girls Tell your brother, your sister, and your mama too 'Cause they're about to go down And you'll know just what to do Wave your hands in the air Like you don't care Glide by the People as they start to look and stare Do your dance, do your dance, do your dance quick Mama, come on baby, tell me what's the word Ah – word up Everybody say When you hear the call you got to get it underway Word up, it's the code word No matter where you say it You'll know that you'll be heard Now all you sucker DJ's Who think you're fly There's got to be a reason And we know the reason why You try to put on those ads And act real cool But you got to realise That you're acting like fools If there's music we can use it We need to dance We don't have that time For psychological romance No romance No romance No romance for me mama Come on baby tell me what's the word Ah, word up Everybody say, when you hear the call You've got to get it underway. Ow! Low Dial L for low Come on, all you people say W-O-R-D UP W-O-R-D UP W-O-R-D UP W-O-R-D up W-O-R-D UP La, la, la, la, la, la, low (Low) Say it like that (Like that) Say it like that, ya'll know it (Woah) What's the word? (What's - Woah - the word?) Everybody's got to know-ow (Woah yeah) Everybody say it, woah! Low They think real low (Oww!) As low as you go (Whew) Ahhhh, low, low, low"
Rap; Word Play; bVII7 iv bVII7 i; "Uh, one, two, whatcha wanna do Three, four, 'cause we gonna give you more Five, six, and we ain't the tricks Seven, eight, and we got it straight Nine, ten, 'cause we make it blend 11, 12, never ever goin' for self Tribe Called Quest situation, check it out Power, people really get caught up with this On different levels power controls your life Money, the companion of the first Some people tend to worship and we know this ain't right Attitude (attitude) that's how I get my point across You can't call yourself a emcee if you know that you're soft Agressive is how the stage is approached, I burn emcees like toast 'Cause I'm the host with the most Illin' (illin') that's what you do when you're assin' Whether it be you or all up in your fashion Cashin', it turned your peoples corrupt It's six o'clock, girl, you gotta get your weight up Sex (sex) either a man or a woman This is gender, but when lovers get down Froggin' when niggas try to play roles But when they really need to put that shit background Miserable (miserable) is what your whole crew will be If you're not original and you show no strategy Heavenly is how the track tends to flow And if you don't know, tell 'em Diggy said so We livin' this 'cause it's deep in our bones A Tribe Called Quest with this hip-hop jones So sit and analyze the lyrical spray 'Cause all it really is is word play (word play, word) Willie that's what I kick to get this millie on a lilly Now, I'm baggin' dimes like Chilli Stress (stress) that's what I always go through 'Cause it's survival of the fittest on the one-nine-two Knowledge, when the mind accept facts On this plane of livin', knowledge be the key, black Understandin', gettin' a grip on what's revealed When shit be real, can't give understandin' back Analyze that's what I do to emcees That be talkin' 'bout they this and that, money please Ego, I'm on my own jock skill 'Cause if I don't say I'm the best, tell me who the hell will Cheeba smoke y'all, that's what I use to get high When I'm in a rut and I don't know why Try, yo try again my friend 'Cause you can't see this emcee representin' Linden Freestyle (freestyle) a true emcee trait And when you do it ill, niggas respect it as great Yo, I gotta (I gotta) We livin' this 'cause it's deep in our bones A Tribe Called Quest with the hip-hop jones So sit and analyze the lyrical spray 'Cause all it really is is word play (word play)"
Rap; Be Careful; bVI V i i7; "Yeah Be careful, be careful, be careful with me Yeah, look I wanna get married, like the Currys, Steph and Ayesha shit But we more like Belly—Tommy and Keisha shit Gave you TLC, you wanna creep and shit Poured out my whole heart to a piece of shit Man, I thought you would've learned your lesson 'Bout likin' pictures, not returnin' texts I guess it's fine, man, I get the message You still stutter after certain questions You keep in contact with certain exes Do you, though, trust me, nigga, it's cool, though Said that you was workin', but you out here chasin' culo And putas, chillin' poolside, livin' two lives I could've did what you did to me to you a few times But if I did decide to slide, find a nigga Fuck him, suck his dick, you would've been pissed But that's not my M.O., I'm not that type of bitch And karma for you is gon' be who you end up with You make me sick, nigga The only man, baby, I adore I gave you everything, what's mine is yours I want you to live your life of course But I hope you get what you dyin' for Be careful with me, do you know what you doin'? Whose feelings that you're hurtin' and bruisin'? You gon' gain the whole world But is it worth the girl that you're losin'? Be careful with me Yeah, it's not a threat, it's a warnin' Be careful with me Yeah, my heart is like a package with a fragile label on it Be careful with me Care for me, care for me Always said that you'd be there for me, there for me Boy, you better treat me carefully, carefully, look I was here before all of this Guess you actin' out now, you got an audience Tell me where your mind is, drop a pin, what's the coordinates? You might have a fortune, but you lose me You still gon' be misfortunate, nigga Tell me, this love's got you this fucked up in the head You want some random bitch up in your bed? She don't even know your middle name, watch her 'cause she might steal your chain You don't want someone who loves you instead? I guess not though It's blatant disrespect, you nothin' like the nigga I met Talk to me crazy and you quick to forget You even got me trippin', you got me lookin' in the mirror different Thinkin' I'm flawed because you inconsistent Between a rock and a hard place, the mud and the dirt It's gon' hurt me to hate you, but lovin' you's worse It all stops so abrupt, we started switchin' it up Teach me to be like you so I can not give a fuck Free to mess with someone else, I wish these feelings could melt 'Cause you don't care about a thing except your mothafuckin' self You make me sick, nigga The only man, baby, I adore I gave you everything, what's mine is yours I want you to live your life of course But I hope you get what you dyin' for Be careful with me, do you know what you doin'? Whose feelings that you're hurtin' and bruisin'? You gon' gain the whole world But is it worth the girl that you're losin'? Be careful with me Yeah, it's not a threat, it's a warnin' Be careful with me Yeah, my heart is like a package with a fragile label on it Be careful with me"
Rap; 7 Rings; i bVI iv V7; "Yeah, breakfast at Tiffany's and bottles of bubbles Girls with tattoos who like getting in trouble Lashes and diamonds, ATM machines Buy myself all of my favorite things (yeah) Been through some bad shit, I should be a sad bitch Who woulda thought it'd turn me to a savage? Rather be tied up with calls and not strings Write my own checks like I write what I sing, yeah My wrist, stop watchin', my neck is flossy Make big deposits, my gloss is poppin' You like my hair? Gee, thanks, just bought it I see it, I like it, I want it, I got it, yeah I want it, I got it, I want it, I got it I want it, I got it, I want it, I got it You like my hair? Gee, thanks, just bought it I see it, I like it, I want it, I got it (yep) Wearing a ring, but ain't gon' be no Mrs. Bought matching diamonds for six of my bitches I'd rather spoil all my friends with my riches Think retail therapy my new addiction Whoever said money can't solve your problems Must not have had enough money to solve 'em They say, Which one?, I say, Nah, I want all of 'em Happiness is the same price as red-bottoms My smile is beamin' (yeah), my skin is gleamin' (is gleamin') The way it shine, I know you've seen it (you've seen it) I bought a crib just for (just for) the closet (closet) Both his and hers, I want it, I got it, yeah I want it, I got it, I want it, I got it I want it, I got it, I want it, I got it (baby) You like my hair? Gee, thanks, just bought it (oh, yeah) I see it, I like it, I want it, I got it, yeah Yeah, my receipts be lookin' like phone numbers If it ain't money, then wrong number Black card is my business card The way it be settin' the tone for me I don't mean to brag, but I be like, Put it in the bag, yeah When you see them racks, they stacked up like my ass, yeah Shoot, go from the store to the booth Make it all back in one loop, give me the loot Never mind, I got the juice Nothing but net when we shoot Look at my neck, look at my jet Ain't got enough money to pay me respect Ain't no budget when I'm on the set If I like it, then that's what I get, yeah I want it, I got it, I want it, I got it (yeah) I want it, I got it, I want it, I got it (oh, yeah, yeah) You like my hair? Gee, thanks, just bought it I see it, I like it, I want it, I got it (yep)"
Rap; Chewing Gum; bVI bVI iv v i i bVII bVII; "My man Rico MDB in the house My dog C-9 with the date My dog TC over here, grinnin' all golden And he finna come up Street smart- Looking for the chewin', for the chewin' Tell me what you want from me (looking for the chewin', for the chewin') Tell me what you want from me (looking for the chewin', for the chewin') Tell me what you want from me (looking for the chewin', for the chewin') Tell me what you want from me (looking for the chewin', for the chewin') Switchin' up your style, but you've waited too long Finally hit you now, it's wrong Basing yourself, and racing yourself in the name of truth What's true? Brother, baby, we've seen it all And we're tired, so what you want from me? (Grill on froze) Looking for the chewin', for the chewin' Tell me what you want from me (looking for the chewin', for the chewin') Tell me what you want from me (looking for the chewin', for the chewin') Tell me what you want from me (looking for the chewin', for the chewin') Tell me what you want from me (looking for the chewin', for the chewin') Nothing can replace me if you're not taking my lead Better to be broken than in need, uh Brother, baby, we've seen it all And we're tired, uh, so what you want from me? (You want from me?) Tell me what you want from me (what you want from me, baby) Tell me what you want from me (grill on froze) Tell me what you want from me (want from me) Tell me what you want from me Lookin' for the chewin', for the jaw Blowing like the time, word of mouth Shawty told me that this world is ours Selfish with that pussy like it's mine Peppermint, double-mint, spearmint, type of shit She the type of chick to get right on the dick Ride on the dick, with no license and shit, uh No relatives, sentimental It's detrimental, still compared to this relevance She the type of chick to get right on the dick Ride on the dick, with no license and shit, uh Back and forth, wall to wall, using jaw Losin' drawers in the sauce, now On the job, never off, that pussy got, won't let her off, and it's all good Shout out my ex, though, she was the best, though Got on my damn nerves, hella fresh, though I bought that Guess shirt, she had that mesh shirt I turn it to a sweatshirt, throw on that Sweatshirt She fuck with Earl, too She fuck with girls, too I fuck with her too Tell her quit the chattin', jaws made for chewin' If you fuckin' with me, bet you know what you're doin', like Patta, I like the dirty, dirty, I love to beat it, beat it Tell her lies and I promise whole lot of shit She'll never get, bend over, let me hit A North Memphis nigga, bitch, he is very slick Hoe, don't beat a bih, and they see you break A whole mogul rich nigga, I got pretty tastes She get it like she do plus she pretty freak I got choppas, call me pretty Drake"
Rap; Jewelry; bVI7 IV7 Imaj7 i7; "So, like, my favorite images Are the ones where... Someone who isn't supposed to be there Who's like in a space, a space where We were not ever welcomed in We were not invited Yet we walk in and we show all the way up People try to, put us down by saying She's doing the most or he's way too much But, like, why would we want to do the least? Cheap on your skin, smooth Jewels that ring Shine hit your eyes Black kiss the ring Ruby ebony sides Change my eyes for something, cool A dream never leaving my sight A sun never leaving my side A feeling, a door starts to close I'm feeling the burn in my eyes The eyes of a heavy best Suited to staying indoors like a good nigga I treated the hope like my home And destroyed it, go figure Still proud, best of my abilities Still I think about an exit No one ever will appreciate The way you bare your soul for them to or attune I'm through I'm through Cheap on your skin, smooth Jewels that ring Shine hit your eyes Black kiss the ring Ruby ebony sides Nigga, I'm feeling myself (Nigga, I'm feeling myself) Nigga, I'm still in my zone (I'm still in my zone) Got big books but I'm broke (I'm broke) Nigga, I'm feeling myself (Nigga, I'm feeling myself) One time for the help (One time, one time) Two times 'fore I fell Three times for the hopeless feeling Look at how I'm spending my wealth (Look at how I'm spending my wealth) And I'm feeling myself looking up But then the thoughts start filling me up, me up Nigga, I'm feeling my, nigga, I'm feeling myself (Nigga, I'm feeling myself) One time for the help When the news is way too fi' And a man get shot on the passenger side Too bad 'cos a nigga went live (went live) Nigga, I'm feeling my, nigga, I'm feeling myself Seek what you need to get by Awake with one eye closed In dark black clothes Red and blue lights on my stone Go back to being unknown Relax your hair Tuck your shirt Put your glasses on Play your guitar"
Rap; Don't Lie; I I ii7 IV I iii7 ii7 IV; "Yeah, uh-huh La-da-da-da-da-da Sorry, sorry, sorry, sorry Hey baby, my nose is gettin' big I noticed it be growin' when I be tellin' them fibs, now You say your trust's gettin' weaker Probably 'cause my lies just started gettin' deeper And the reason for my confession is that I learned my lesson And I really think you ought to know the truth Because I lied, and I cheated, and I lied a little more But after I did it, I don't know what I did it for I admit that I've been a little immature With your heart like I was the predator In my book of lies, I was the editor And the author, I forged my signature And now I apologize for what I did to ya 'Cause what you did to me, I did to you. She said, I'm leaving 'Cause she can't take the pain It's hard to continue this love, it ain't the same Can't forget the things that I've done inside her brain Too many lies committed, too many games She feelin' like a fool gettin' on the last train Tryna maintain, but the feeling won't change I'm sorry for the things that I've done and what I became Caught up in living my life in the fast lane Blinded by lights, cameras, you know the fame I don't know the reason why I did these things Oh, and I lie, and I lie, and I lie, and I lie And now our emotions are drained 'Cause I lie, and I lie and a little lie, lie And now your emotions are drained"
Rap; Don't Lie; iv7 iv7 IV I iv7 iv7 IV I; "No, no, no, no, baby, no, no, no, no, don't lie 'Cause you know, know, know, know Yeah, you know, know, know, know, you gotta try What you gonna do when it all comes out When I really see you, what you're all about? No, no, no, no, baby, no, no, no, no, don't lie 'Cause you know, you know, you know, you know You know you gotta try (stop, st-stop, stop, st-stop stop lying)"
Pop; Anti-hero; IVmaj7 I V iv7; "I have this thing where I get older, but just never wiser Midnights become my afternoons When my depression works the graveyard shift All of the people I've ghosted stand there in the room I should not be left to my own devices They come with prices and vices I end up in crises Tale as old as time I wake up screaming from dreaming One day I'll watch as you're leaving 'Cause you got tired of my scheming For the last time It's me Hi! I'm the problem, it's me At teatime Everybody agrees I'll stare directly at the sun, but never in the mirror It must be exhausting always rooting for the anti-hero"
Pop; Anti-hero; IVmaj7 I V iv7; "Sometimes I feel like everybody is a sexy baby And I'm a monster on the hill Too big to hang out Slowly lurching toward your favorite city Pierced through the heart but never killed Did you hear my covert narcissism I disguise as altruism? Like some kind of congressman Tale as old as time I wake up screaming from dreaming One day, I'll watch as you're leaving And life will lose all its meaning For the last time It's me Hi! I'm the problem, it's me (I'm the problem, it's me) At teatime Everybody agrees I'll stare directly at the sun, but never in the mirror It must be exhausting always rooting for the anti-hero I have this dream my daughter-in-law kills me for the money She thinks I left them in the will The family gathers 'round and reads it And then someone screams out "She's laughing up at us from hell!" It's me Hi! I'm the problem, it's me It's me Hi! I'm the problem, it's me It's me Hi! Everybody agrees Everybody agrees It's me Hi! (Hi!) I'm the problem, it's me (I'm the problem, it's me) At teatime Everybody agrees (everybody agrees) I'll stare directly at the sun, but never in the mirror It must be exhausting always rooting for the anti-hero"
Pop; Complicated; I vi vi V; "Uh-huh, life's like this Uh-huh, uh-huh, that's the way it is 'Cause life's like this Uh-huh, uh-huh, that's the way it is Chill out, what you yelling for? Lay back, it's all been done before And if you could only let it be You would see I like you the way you are When we're driving in your car And you're talking to me, one on one But you've become. You come over unannounced Dressed up like you're something else Where you are and where it's at you see You're making me Laugh out, when you strike your pose Take off all your preppy clothes You know you're not fooling anyone When you become."
Pop; Complicated; IVmaj7 vi IVmaj7 V; "Why do you have to go and make things so complicated? I see the way you're acting like you're somebody else Gets me frustrated Life's like this, you"
Pop; Complicated; vi IV I V; "Why do you have to go and make things so complicated? I see the way you're acting like you're somebody else Gets me frustrated Life's like this, you You fall, and you crawl, and you break And you take what you get, and you turn it into Honesty and promise me I'm never gonna find you fake it No, no, no"
Pop; I Get Around; I VI7 ii7 V; "Get around, round, round, I get around I get around Get around, round, round, I get around From town to town Get around, round, round, I get around I'm a real cool head"
Pop; I Get Around; I I VI7 VI7 ii7 ii7 bVII V; "I'm getting bugged driving up and down this same old strip I gotta find a new place where the kids are hip My buddies and me are getting real well-known Yeah, the bad guys know us and they leave us alone"
Pop; Halo; I ii vi IV; "Remember those walls I built? Well, baby, they're tumbling down And they didn't even put up a fight They didn't even make a sound I found a way to let you in But I never really had a doubt Standin' in the light of your halo I got my angel now"
Pop; Halo; I ii vi IV; "It's like I've been awakened Every rule I had you breakin' It's the risk that I'm takin' I ain't never gonna shut you out Everywhere I'm lookin' now I'm surrounded by your embrace Baby, I can see your halo You know you're my saving grace You're everything I need and more It's written all over your face Baby, I can feel your halo Pray it won't fade away"
Pop; Halo; I ii vi IV; "Hit me like a ray of sun Burning through my darkest night You're the only one that I want Think I'm addicted to your light I swore I'd never fall again But this don't even feel like fallin' Gravity can't begin To pull me back to the ground again It's like I've been awakened Every rule I had you breakin' The risk that I'm takin' I'm never gonna shut you out"
Pop; Resentment; I VI ii7 I ii7 V; "I wish I could believe you, then I'll be alright But now everything you told me really don't apply To the way I feel inside Lovin' you was easy once upon a time But now, my suspicions of you have multiplied And it's all, because you lied. Just can't seem to get over the way you hurt me Don't know how you gave another who didn't mean a thing (mean a thing), no The very thing you gave to me I thought I could forgive you, and I know you've changed As much as I wanna trust you, I know it ain't the same (it ain't the same) And it's all because you lied"
Pop; Resentment; I7 IV ii7 V; "I only give you a hard time 'Cause I can't go on and pretend like I haven't tried to forget this But I'm much too full of resentment. I may never understand why (why) I'm doing the best that I can and I I tried, and I tried to forget this (forget this) But I'm much too full of resentment (you lied)"
Pop; If I were a Boy; I6 IV I V6; "If I were a boy, even just for a day I'd roll outta bed in the mornin' And throw on what I wanted, then go Drink beer with the guys And chase after girls I'd kick it with who I wanted And I'd never get confronted for it 'Cause they'd stick up for me"
Pop; If I were a Boy; iv IV I V6; "If I were a boy I think I could understand How it feels to love a girl I swear I'd be a better man I'd listen to her 'Cause I know how it hurts When you lose the one you wanted 'Cause he's taken you for granted And everything you had got destroyed If I were a boy I would turn off my phone Tell everyone it's broken So they'd think that I was sleepin' alone I'd put myself first And make the rules as I go 'Cause I know that she'd be faithful Waitin' for me to come home, to come home."
Pop; Sorry; bVI i bVI i; "(Sorry) I ain't sorry (Sorry) I ain't sorry I ain't sorry, nigga, nah (Sorry) I ain't sorry (Sorry) I ain't sorry I ain't sorry He trying to roll me up (I ain't sorry) I ain't picking up (I ain't sorry) Headed to the club (I ain't sorry) I ain't thinking 'bout you (I ain't sorry)"
Pop; Sorry; IV iii IV iii; "Me and my ladies sip my D'USSÉ cup I don't give a fuck, chucking my deuces up Suck on my balls, pause, I had enough I ain't thinking 'bout you I ain't thinking 'bout ('bout) Middle fingers up, put them hands high Wave it in his face, tell him, boy, bye (Sorry) Tell him, boy, bye, boy bye (Sorry) Middle fingers up I ain't thinking 'bout you (Sorry)"
Pop; Sorry; bVI i bVI i; "Now you want to say you're sorry Now you want to call me crying Now you gotta see me wilding Now I'm the one that's lying And I don't feel bad about it It's exactly what you get Stop interrupting my grinding I ain't thinking 'bout you, sorry (Interrupting my grinding) (I ain't sorry) I ain't thinking 'bout you I ain't thinking 'bout you (Sorry) (I ain't sorry) I ain't thinking 'bout you I ain't thinking 'bout you"
Pop; Clean (Taylor's Version); I V vi IVmaj7; "The drought was the very worst (Oh-oh, oh-oh) When the flowers that we'd grown together died of thirst It was months and months of back and forth (Oh-oh, oh-oh) You're still all over me Like a wine-stained dress I can't wear anymore Hung my head as I lost the war And the sky turned black like a perfect storm"
Pop; Clean (Taylor's Version); I V vi IVmaj7; "Rain came pouring down When I was drowning, that's when I could finally breathe And by morning Gone was any trace of you, I think I am finally clean (Oh, oh, oh, oh) There was nothing left to do (Oh-oh, oh-oh) When the butterflies turned to dust that covered my whole room So I punched a hole in the roof (Oh-oh, oh-oh) Let the flood carry away all my pictures of you"
Pop; Clean (Taylor's Version); I V vi IVmaj7; "I think I am finally clean (Oh, oh) Oh, oh, oh, oh, oh-oh Said, I think I am finally clean (Oh, oh) Oh, oh, oh, oh, oh-oh Ten months sober, I must admit Just because you're clean, don't mean you don't miss it Ten months older, I won't give in Now that I'm clean, I'm never gonna risk it The drought was the very worst (Oh-oh, oh-oh) When the flowers that we'd grown together died of thirst (Oh)"
Pop; Wonderland (Taylor's Version); IV vi7 V vi7 IV vi7 V V; Didn't they tell us, don't rush into things? Didn't you flash your green eyes at me? Haven't you heard what becomes of curious minds? Ooh, didn't it all seem new, and exciting? I felt your arms twisting around me I should have slept with one eye open at night"
Pop; Wonderland (Taylor's Version); IV I V iv; "We found Wonderland You and I got lost in it And we pretended it could last forever (eh, eh) We found Wonderland You and I got lost in it And life was never worse but never better (eh, eh)"
Pop; Wonderland (Taylor's Version); I vi I vi; "Flashing lights, and we Took a wrong turn, and we Fell down a rabbit hole You held on tight to me 'Cause nothing's as it seems And spinning out of control"
Pop; Slut (Taylor's Version); IV IV I iii I iii vi V; "But if I'm all dressed up They might as well be lookin' at us And if they call me a slut You know it might be worth it for once And if I'm gonna be drunk I might as well be drunk in love"
Pop; Slut (Taylor's Version); I vi iii IV; "Flamingo pink, Sunrise Boulevard Clink, clink, being this young is art Aquamarine, moonlit swimming pool What if all I need is you? Got love-struck, went straight to my head Got lovesick all over my bed Love to think you'll never forget Handprints in wet cement Adorned with smoke on my clothes Lovelorn and nobody knows Love thorns all over this rose I'll pay the price, you won't"
Pop; Slut (Taylor's Version); I vi iii IV; "Send the code, he's waitin' there The sticks and stones they throw froze mid-air Everyone wants him, that was my crime The wrong place at the right time And I break down, then he's pullin' me in In a world of boys, he's a gentleman Got love-struck, went straight to my head (straight to my head) Got lovesick all over my bed (over my bed) Love to think you'll never forget We'll pay the price, I guess"
Pop; Style (Taylor's Version); vi vi IV IV; "Midnight You come and pick me up, no headlights Long drive Could end in burning flames or paradise Fade into view, oh It's been a while since I have even heard from you (Heard from you). o it goes He can't keep his wild eyes on the road, mm, mm Takes me home Lights are off, he's taking off his coat, mm yeah I say, "I heard, oh That you've been out and about with some other girl Some other girl"
Pop; Style (Taylor's Version); ii7 ii7 IVmaj7 IVmaj7; "I should just tell you to leave 'cause I Know exactly where it leads, but I Watch us go 'round and 'round each time"
Pop; Style (Taylor's Version); I I IV IV; "You got that James Dean daydream look in your eye And I got that red lip classic thing that you like And when we go crashing down, we come back every time 'Cause we never go out of style We never go out of style You got that long hair, slicked back, white t-shirt And I got that good girl faith and a tight little skirt And when we go crashing down, we come back every time 'Cause we never go out of style We never go out of style"
Rock; Rock You Like A Hurricane; bVI i bVII bVI i bVI bVII; "It's early morning, the sun comes out Last night was shaking and pretty loud My cat is purring, it scratches my skin So what is wrong with another sin? The bitch is hungry, she needs to tell So give her inches and feed her well More days to come, new places to go I've got to leave, it's time for a show. "
Rock; Rock You Like A Hurricane; bVI i bVII bVI i bVI bVII; "My body is burning, it starts to shout Desire is coming, it breaks out loud Lust is in cages 'til storm breaks loose Just have to make it with someone I choose The night is calling, I have to go The wolf is hungry, he runs the show He's licking his lips, he's ready to win On the hunt tonight for love at first sting"
Rock; Rock You Like A Hurricane; i i bIII bIII iv iv bVI bVII; "Here I am Rock you like a hurricane (are you ready, baby?) Here I am Rock you like a hurricane Here I am Rock you like a hurricane Here I am Rock you like a hurricane Rock you like a hurricane"
Rock; Slow Ride; I vi I vi; "I'm in the mood, yeah The rhythm is right Move to the music We can roll all night"
Rock; Slow Ride; I I IV bVII I I I I; "Slow ride, take it easy Slow ride, take it easy Slow down, go down Got to get your lovin' one more time Hold me, roll me Slow ridin' woman, you're so fine"
Rock; Cherub Rock; I I bVII IV; "Freak out and give in Doesn't matter what you believe in Stay cool and be somebody's fool this year 'Cause they know who is righteous, what is bold. Tell me all of your secrets Cannot help but believe this is true Tell me all of your secrets I know, I know, I know. "
Rock; Cherub Rock; I I bVII IV; "Hipsters unite, come align for the big fight to rock for you But beware, all those angels with their wings glued on 'Cause deep down, we are frightened and we're scared"
Rock; Cherub Rock; bVII IV bVI bIII; "'Cause they know who is righteous, what is bold So I'm told Who wants honey As long as there's some money Who wants that honey?"
Rock; Cherub Rock; I I iv bVI; "Let me out Let me out Let me out Let me out"
Rock; Classico; i V i i; "Can't you see he's the man Let me hear you applaude He is more than a man He's a shiny golden god If you think it's time to fucking rock And fucking roll out of control Well then you know you got to rock the block You fucking suck, my fucking cock"
Rock; Classico; bIII bVII i V; "'Cause when you rule your fucking school All of the fools out of their jewels 'Cause if you think it's time to If you think it's time to If you think it's to fucking rock"
Rock; Classico; I I I V IV IV ii V; "He is going to kick your fucking ass And you know his name is Kyle Gass."
Rock; Classico; I viio I viio; "And fucking rocking and fucking rolling, And fucking rocking and fucking rolling"
Rock; The Metal; i i i bII; "You can't kill the Metal The Metal will live on Punk Rock tried to kill the Metal But they failed, as they were smite to the ground New Wave tried to kill the Metal But they failed, as they were stricken down to the ground Grunge tried to kill the Metal Ha-ha-ha-ha They failed, as they were thrown to the ground Ah, yeah Ah, yeah"
Rock; The Metal; i bVII bVI bVII i bVII bVI i; "No one can destroy the Metal The Metal will strike you down with a vicious blow"
Rock; The Metal; iv v i i iv v i; "We are the vanquished foes of the Metal We tried to win, for why? We do not know"
Rock; The Metal; i i i bII; "New Wave tried to destroy the Metal, but the Metal had its way Grunge then tried to dethrone the Metal, but Metal was in the way Punk Rock tried to destroy the Metal, but Metal was much too strong Techno tried to defile the Metal, but Techno was proven wrong Yeah"
Rock; La Grange; i i bIII IV; "Rumor spreadin' 'round In that Texas town About that shack outside La Grange And you know what I'm talkin' about Just let me know, if you wanna go To that home out on the range They got a lot of nice girls Have mercy A-haw, haw, haw, haw A-haw, haw, haw, haw Well, I hear it's fine If you got the time And the ten to get yourself in A-hmm, hmm And I hear it's tight Most every night But now I might be mistaken Hmm, hmm, hmm Have mercy"
Rock; Thunderstruck; I bVII bVII IV; "I was caught in the middle of a railroad track (thunder) I look 'round, and I knew there was no turning back (thunder) My mind raced and I thought, what can I do? (Thunder) And I knew there was no help, no help from you (thunder) Sound of the drums Beatin' in my heart The thunder of guns (yeah) Tore me apart You've been thunderstruck Rolled down the highway Broke the limit, we hit the town Went through to Texas, yeah, Texas And we had some fun We met some girls Some dancers who gave a good time Broke all the rules, played all the fools Yeah, yeah, they, they, they blew our minds"
Rock; Thunderstruck; I bVII IV; "And I was shakin' at the knees Could I come again, please? Yeah, the ladies were too kind You've been Thunderstruck Thunderstruck Yeah, yeah, yeah, thunderstruck Ooh, thunderstruck Yeah Well, I was shaking at the knees Could I come again, please? Thunderstruck Thunderstruck Yeah, yeah, yeah, thunderstruck Thunderstruck, yeah, yeah, yeah"
Rock; Highway to hell; I I bVII bVII; "Livin' easy Lovin' free Season ticket on a one-way ride Askin' nothin' Leave me be Takin' everything in my stride Don't need reason Don't need rhyme Ain't nothin' I'd rather do Goin' down Party time My friends are gonna be there too, yeah"
Rock; Highway to hell; I IV bVII IV; "I'm on the highway to hell On the highway to hell Highway to hell I'm on the highway to hell"
Rock; Highway to hell; I I bVII bVII; "No stop signs Speed limit Nobody's gonna slow me down Like a wheel Gonna spin it Nobody's gonna mess me around Hey Satan Payin' my dues Playin' in a rocking band Hey momma Look at me I'm on my way to the Promised Land, ow"
Rock; Oh My God; i i IV IV; "Time on your side that will never end The most beautiful thing you can ever spend But you work in a shirt with your name tag on it Drifting apart like a plate tectonic"
Rock; Oh My God; i i bVII iv IV i i bVII; "It don't matter to me 'Cause all I wanted to be Was a million miles from here Somewhere more familiar"
Rock; Oh My God; i i IV IV; "Too much time spent dragging the past up I didn't see you not looking when I messed up Settling down in your early twenties Sucked more blood than a backstreet dentist"
Rock; Oh My God; I I bVI bVII; "Oh my God, I can't believe it I've never been this far away from home And oh my God, I can't believe it I've never been this far away from home"
Country; Take Me Home Country Roads; I V vi IV; "Country roads, take me home To the place I belong"
Country; Take Me Home Country Roads; I V IV I; "West Virginia, mountain mamma Take me home, country roads"
Country; Take Me Home Country Roads; I vi V IV I; "Almost heaven, West Virginia Blue ridge mountains, Shenandoah river Life is old there, older than the trees Younger than the mountains, blowing like a breeze. All my memories, gather round her Miner's lady, stranger to blue water Dark and dusty, painted on the sky Misty taste of moonshine, teardrop in my eye " 
Country; Take Me Home Country Roads; iv V I I IV I V V; "I hear her voice in the morning hour she calls me Radio reminds me of my home far away"
Country; Take Me Home Country Roads; vi bVII IV I V V V7 V7; "Driving down the road I get a feeling That I should have been home yesterday, yesterday"
Country; Undo It; i bIII bVII IV; "Should've known by the way you passed me by There was something in your eyes, and it wasn't right I should've walked, but I never had the chance Everything got out of hand and I let it slide Now I only have myself to blame For falling for your stupid games I wish my life could be the way It was before I saw your face"
Country; Undo It; i bVII IV; "You stole my happy, you made me cry Took the lonely, and took me for a ride And I wanna un-un-un-un-un-undo it You had my heart, now I want it back I'm starting to see everything you lack Boy, you blew it, you put me through it I wanna un-un-un-un-un-undo it"
Country; Undo It; i bIII bVII IV; "Now your photos doesn't have a picture frame And I never say your name and I never will And all your things, well, I threw 'em in the trash And I'm not even sad Now you only have yourself to blame For playing all those stupid games You're always going to be the same Oh, no, you'll never change"
Country; Undo It; bVI bVII I I bVI bVI v7 v7; "You want my future, you can't have it (oh, oh, oh) I'm still trying to erase you from my past I need you gone so fast"
Country; Good Girl; i i bIII bVII; "Hey, good girl (hey, good girl) With your head in the clouds I bet you I can tell you, what you're thinkin' about You'll see a good boy (you see a good boy) Gonna give you the world But he's gonna leave you cryin' With your heart in the dirt His lips are dripping honey But he'll sting you like a bee So lock up all your loving Go and throw away the key"
Country; Good Girl; IV I V iv; "Why, why you gotta be so blind? Won't you open up your eyes? It's just a matter of time 'til you find He's no good, girl No good for you You better get to getting on your goodbye shoes and go, go, go Better listen to me, he's low, low, low"
Country; Good Girl; i i bIII bVII; "Hey, good girl (hey, good girl) You got a heart of gold You want a white wedding And a hand you can hold Just like you should, girl (just like you should, girl) Like every good girl does Want a fairytale ending, somebody to love But he's really good at lying Yeah, he'll leave you in the dust 'Cause when he says forever Well, it don't mean much Hey, good girl (hey, good girl) So good for him Better back away honey You don't know where he's been"
Country; Before He Cheats; i bVII bVI V; "Right now, he's probably slow dancin' with a bleach-blonde tramp And she's probably gettin' frisky Right now, he's probably buyin' her some fruity little drink 'Cause she can't shoot whiskey Right now, he's probably up behind her with a pool stick Showin' her how to shoot a combo And he don't know" 
Country; Before He Cheats; bVI i bVI i bVI V V; "I dug my key into the side (into the side) Of his pretty little souped-up four-wheel drive Carved my name into his leather seats I took a Louisville slugger to both headlights (both headlights) Slashed a hole in all four tires Maybe next time, he'll think before he cheats"
Country; Before He Cheats; i bVII bVI V; "Right now, she's probably up singing some White-trash version of Shania karaoke Right now, she's probably sayin', "I'm drunk" And he's a-thinkin' that he's gonna get lucky Right now, he's probably dabbin' on Three dollars worth of that bathroom Polo Oh, and he don't know"
Country; Before He Cheats; bIII bVII bVI bVI IV IV V V; "I might've saved a little trouble for the next girl A-'cause the next time that he cheats Oh, you know it won't be on me No, not on me"
Country; Annie's Song; IV V vi IV I iii iv iv; "You fill up my senses Like a night in a forest. Come let me love you Let me give my life to you"
Country; Annie's Song; IV iii ii IV V V V7 V7; "Like the mountains in springtime Like a walk in the rain. Let me drown in your laughter Let me die in your arms"
Country; Annie's Song; IV V vi IV I iii iv iv; "Like a storm in the desert Like a sleepy blue ocean. Let me lay down beside you Let me always be with you"
Country; Annie's Song; IV iii ii V I I I I; "You fill up my senses Come fill me again. Come let me love you, Come love me again"
Country; You'll Think of Me; i bVI bIII bVII; "I woke up early this morning 'round 4 a.m. With the moon shining bright As headlights on the interstate I pulled the covers over my head And tried to catch some sleep But thoughts of us kept keeping me awake"
Country; You'll Think of Me; iv i iv iv; "Ever since you found yourself in someone else's arms I've been tryin' my best to get along But that's okay There's nothing left to say, but"
Country; You'll Think of Me; I V vi IV; "Take your records, take your freedom Take your memories, I don't need 'em Take your space and take your reasons But you'll think of me And take your cat and leave my sweater 'Cause we have nothing left to weather In fact I'll feel a whole lot better But you'll think of me, you'll think of me"
Country; You'll Think of Me; i bVI bIII bVII; "I went out driving trying to clear my head I tried to sweep out all the ruins that my emotions left (I guess I'm) I guess I'm feeling just a little tired of this And all the baggage that seems to still exist"
Country; You'll Think of Me; iv i iv iv; "It seems the only blessing I have left to my name Is not knowing what we could have been What we should have been So"
Country; Boy Gets a Truck; I ii7 vi V; "Boy gets a truck Truck gets a girl Girl gets a midnight feeling he's the one One night turns to love Love turns into one knee down Down payment on a 3 bedroom house"
Country; Boy Gets a Truck; I IV iv Vsus; "t ain't a story as old as time Just as old as when they first Rolled off the assembly line Everybody knows how it goes Once upon a time, four wheels rolled and a"
Country; Boy Gets a Truck; I IV vi V; "Filled with the sound of little feet Then you blink and he's asking for the keys to pick her up. Boy gets a truck."
Country; Two Feet of Topsoil; I I vi V I I I I; "Yesterday, I thought that I was low as I could get I had hit rock bottom ever since you up and left But this morning when I saw you"
Country; Two Feet of Topsoil; IV IV I IV IV V IV V; "With somebody else, well needless to say That's when I started sinking even lower And as far as where I am at today"
Country; Two Feet of Topsoil; V V IV I V IV I I; "Well, there's two feet of topsoil A little bit of bedrock, limestone in between"
Country; Two Feet of Topsoil; V V IV I vi vi V V; "A fossilized dinosaur, a little patch of crude oil A thousand feet of granite underneath, then there's me"
Country; Two Feet of Topsoil; I I vi V I I I I; "I was kinda hopin' I could dig my way back out A couple dozen roses maybe get you back somehow"
Country; Two Feet of Topsoil; IV IV I IV IV V IV V; But the love in your eyes as you talked to him today was plain to see So I ain't gonna get involved, but Should you change your mind Well, you know right where I'll be
Rap; That's what I Like; iv9 bVII v7 i7; "I got a condo in Manhattan Baby girl, what's happenin'? (What's happenin'?) You and your ass invited So go on and get to clappin' (clap) Go pop it for a player Pop, pop it for me Turn around and drop it for a player (drop it) Drop, drop it for me (drop it)"
Rap; That's what I Like; iv9 bVII v7 i7; "I'll rent a beach house in Miami (-ami) Wake up with no jammies (nope) Lobster tail for dinner (yeah) Julio, serve that scampi (Julio!) You got it if you want it Got, got it if you want it Said, you got it if you want it Take my wallet if you want it, now Jump in the Cadillac Girl, let's put some miles on it Anything you want Just to put a smile on it You deserve it, baby, you deserve it all And I'm gonna give it to you"
Rap; That's what I Like; ii9 V7 iii7 iv7; "Jump in the Cadillac Girl, let's put some miles on it Anything you want Just to put a smile on it You deserve it, baby, you deserve it all And I'm gonna give it to you Gold jewelry shining so bright Strawberry champagne on ice Lucky for you, that's what I like, that's what I like Lucky for you, that's what I like, that's what I like Sex by the fire at night Silk sheets and diamonds all white Lucky for you, that's what I like, that's what I like Lucky for you, that's what I like, that's what I like"
Rap; Versace on the Floor; I iii7 IVmaj7 V7; "Let's take our time tonight, girl Above us all the stars are watchin' There's no place I'd rather be in this world Your eyes are where I'm lost in"
Rap; Versace on the Floor; v9 VI7 IVmaj7 iv; "Underneath the chandelier We're dancin' all alone"
Rap; Versace on the Floor; ii7 vi V V; "There's no reason to hide What we're feelin' inside Right now"
Rap; Versace on the Floor; IV V IV IV ii7 IVmaj7 iii7 ii7 V7; "So baby let's just turn down the lights And close the door Oooh I love that dress But you won't need it anymore No you won't need it no more Let's just kiss 'til we're naked, baby" 
Rap; Versace on the Floor; I iii7 IVmaj7 V; "Versace on the floor Oooh take it off for me, for me, for me, for me now, girl Versace on the floor Oooh take it off for me, for me, for me, for me now, girl"
Rap; It Will Rain; I iii I iii; "If you ever leave me, baby Leave some morphine at my door"
Rap; It Will Rain; ii vi ii V; "'Cause it would take a whole lot of medication To realize what we used to have We don't have it anymore"
Rap; It Will Rain; IV V iii vi; "'Cause there'll be no sunlight If I lose you, baby There'll be no clear skies If I lose you, baby Just like the clouds, my eyes will do the same If you walk away Every day, it'll rain, rain, rain"
Rap; It Will Rain; I iii I iii; "I'll never be your mother's favorite Your daddy can't even look me in the eye"
Rap; It Will Rain; ii vi ii V; "Ooh, if I was in their shoes, I'd be doing the same thing Sayin', "There goes my little girl Walkin' with that troublesome guy""
